{"stimulus": [0.001, 0.004731512589614803, 0.10592537251772886], "response": [[0.0, -5.90955297010317e-12, 9.102845013768967e-10, 1.628416203154943e-08, 1.0082032574706523e-07, 3.779200844581894e-07, 1.0289543599427906e-06, 2.387646722283954e-06, 4.613812346972848e-06, 8.044537578053806e-06, 1.3085956010186214e-05, 1.9757865403694487e-05, 2.8073176382872345e-05, 3.8191693151866526e-05, 5.0239336858587754e-05, 6.404598713161752e-05, 7.943879678552972e-05, 9.624491863489817e-05, 0.00011428698345978847, 0.00013318690526612197, 0.0001526907293745796, 0.00017266711285371484, 0.00019298471277208126, 0.0002135121861982324, 0.0002341181902007219, 0.0002546713818481032, 0.00027495602232435057, 0.0002944155597584411, 0.0003129968782038488, 0.0003307314193675167, 0.00034765062495638815, 0.00036378593667740647, 0.0003791687962375149, 0.00039383064534365657, 0.00040780292570277493, 0.00042110920368120463, 0.0004335295125967829, 0.0004449947368455321, 0.0004555633146041026, 0.00046529368404914456, 0.0004742442833573081, 0.00048247355070524375, 0.0004900399242696014, 0.0004970018422270315, 0.0005034177427541841, 0.0005093460640277098, 0.0005148452442242584, 0.0005199736898005775, 0.0005247082660318097, 0.0005290121176879809, 0.0005329140807194896, 0.0005364429910767347, 0.0005396276847101149, 0.0005424969975700286, 0.000545079765606875, 0.0005474048247710522, 0.0005495010110129593, 0.0005513971602829948, 0.0005531221085315574, 0.0005547046917090461], [0.0, -4.512219882088557e-09, 4.6483907396593853e-07, 7.847288740462515e-06, 5.042680587773193e-05, 0.0001906053716282726, 0.0005773334552339874, 0.0013640588611743862, 0.0029121605087610958, 0.005539360092247391, 0.009620333747899626, 0.015907418513873124, 0.024601233777451936, 0.03595064817382451, 0.05052272974649675, 0.06804386457097214, 0.08809548182523327, 0.1099742673225384, 0.1330819068409044, 0.15693379252016426, 0.1808339141327483, 0.20390116977126257, 0.22600525872930122, 0.24705612426388707, 0.26683371411257156, 0.28511749483349885, 0.30195596636069555, 0.31740111916680536, 0.33150494372447226, 0.34433983008498964, 0.35602831374007887, 0.3666382775455794, 0.37623289650578784, 0.3848753456250005, 0.392628799907514, 0.39955643435762467, 0.4057354847972924, 0.41131659020098893, 0.41635391812200795, 0.42088143702823066, 0.4249331153875381, 0.4285429216678113, 0.4317448243369315, 0.43457279186277964, 0.4370638517488273, 0.43928619527139656, 0.44127009099449466, 0.44303258170911175, 0.44459071020623836, 0.4459615192768646, 0.44716205171198076, 0.44820935030257714, 0.44912045783964394, 0.4499124171141716, 0.4506023317262722, 0.45120656314204255, 0.4517338639787576, 0.45219108657833457, 0.4525850832826907, 0.45292270643374344], [0.0, 0.0005874465390630713, 0.10121900948776053, 0.5645156207596994, 0.8237683510821033, 0.9342701144654203, 0.9818117167948068, 0.997640979323467, 1.0010514581735108, 1.0011847232829365, 1.0007577284987272, 1.0003955000653149, 1.0001802176336845, 1.0000728791290856, 1.0000245621135164, 1.0000033376714874, 0.9999984200239389, 1.0000001400853233, 1.0000001660348705, 0.9999998849282012, 0.9999998828050893, 0.9999999734665621, 0.9999999939253963, 0.9999999922871694, 0.9999999924830233, 0.9999999939211507, 0.999999996009743, 0.999999998156993, 0.9999999997710924, 1.0000000002602338, 0.9999999994241973, 0.9999999985654461, 0.9999999978430298, 0.9999999972485545, 0.9999999967736272, 0.9999999964098539, 0.9999999961488414, 0.9999999959821964, 0.999999995901525, 0.9999999958984337, 0.9999999959645296, 0.9999999960914187, 0.9999999962707076, 0.999999996494003, 0.9999999967529111, 0.9999999970390386, 0.999999997343992, 0.999999997659378, 0.9999999979768027, 0.999999998287873, 0.9999999985841953, 0.9999999988573762, 0.9999999990990217, 0.9999999993007389, 0.9999999994541344, 0.9999999995508141, 0.9999999995823852, 0.9999999995404535, 0.999999999458384, 0.9999999994428029]], "time": [0.0, 30.1255230125523, 60.2510460251046, 90.3765690376569, 120.5020920502092, 150.6276150627615, 180.7531380753138, 210.8786610878661, 241.0041841004184, 271.1297071129707, 301.255230125523, 331.3807531380753, 361.5062761506276, 391.6317991631799, 421.7573221757322, 451.8828451882845, 482.0083682008368, 512.1338912133891, 542.2594142259414, 572.3849372384936, 602.510460251046, 632.6359832635983, 662.7615062761506, 692.8870292887029, 723.0125523012553, 753.1380753138075, 783.2635983263598, 813.3891213389121, 843.5146443514644, 873.6401673640167, 903.765690376569, 933.8912133891213, 964.0167364016736, 994.1422594142259, 1024.2677824267782, 1054.3933054393306, 1084.5188284518829, 1114.6443514644352, 1144.7698744769873, 1174.8953974895396, 1205.020920502092, 1235.1464435146443, 1265.2719665271966, 1295.397489539749, 1325.5230125523012, 1355.6485355648535, 1385.7740585774059, 1415.8995815899582, 1446.0251046025105, 1476.1506276150626, 1506.276150627615, 1536.4016736401672, 1566.5271966527196, 1596.652719665272, 1626.7782426778242, 1656.9037656903765, 1687.0292887029289, 1717.1548117154812, 1747.2803347280335, 1777.4058577405856], "response_std": [[0.1, 0.1, 0.1, 0.1, 0.1, 0.1, 0.1, 0.1, 0.1, 0.1, 0.1, 0.1, 0.1, 0.1, 0.1, 0.1, 0.1, 0.1, 0.1, 0.1, 0.1, 0.1, 0.1, 0.1, 0.1, 0.1, 0.1, 0.1, 0.1, 0.1, 0.1, 0.1, 0.1, 0.1, 0.1, 0.1, 0.1, 0.1, 0.1, 0.1, 0.1, 0.1, 0.1, 0.1, 0.1, 0.1, 0.1, 0.1, 0.1, 0.1, 0.1, 0.1, 0.1, 0.1, 0.1, 0.1, 0.1, 0.1, 0.1, 0.1], [0.1, 0.1, 0.1, 0.1, 0.1, 0.1, 0.1, 0.1, 0.1, 0.1, 0.1, 0.1, 0.1, 0.1, 0.1, 0.1, 0.1, 0.1, 0.1, 0.1, 0.1, 0.1, 0.1, 0.1, 0.1, 0.1, 0.1, 0.1, 0.1, 0.1, 0.1, 0.1, 0.1, 0.1, 0.1, 0.1, 0.1, 0.1, 0.1, 0.1, 0.1, 0.1, 0.1, 0.1, 0.1, 0.1, 0.1, 0.1, 0.1, 0.1, 0.1, 0.1, 0.1, 0.1, 0.1, 0.1, 0.1, 0.1, 0.1, 0.1], [0.1, 0.1, 0.1, 0.1, 0.1, 0.1, 0.1, 0.1, 0.1, 0.1, 0.1, 0.1, 0.1, 0.1, 0.1, 0.1, 0.1, 0.1, 0.1, 0.1, 0.1, 0.1, 0.1, 0.1, 0.1, 0.1, 0.1, 0.1, 0.1, 0.1, 0.1, 0.1, 0.1, 0.1, 0.1, 0.1, 0.1, 0.1, 0.1, 0.1, 0.1, 0.1, 0.1, 0.1, 0.1, 0.1, 0.1, 0.1, 0.1, 0.1, 0.1, 0.1, 0.1, 0.1, 0.1, 0.1, 0.1, 0.1, 0.1, 0.1]]}