stimulus,response
0.001,0.0003970109085456412
0.001678804018122559,0.004307501069831532
0.0028183829312644552,0.057425819333671566
0.004731512589614803,0.3863419310479713
0.007943282347242822,0.7400961346288634
0.01333521432163324,0.893383358407378
0.022387211385683378,0.9493009060579363
0.03758374042884443,0.9771720226588488
0.06309573444801929,0.9918885764878151
0.10592537251772886,1.0
