{"stimulus": [16530.0], "response": [0.05057236285310947, 0.056423765006378634, 0.061976124997119936, 0.07234794503368669, 0.10285934439158545, 0.16788439254839752, 0.27039569867674, 0.3901113734057283, 0.5068956772089861, 0.6075335182931788, 0.6905797813285981, 0.755682220048747, 0.8018266252930811, 0.8388086968536299, 0.8701019510950686, 0.8889772231851181, 0.9077670964275837, 0.9131103966115722, 0.925340069584365, 0.9296940056427065, 0.9363075319615041, 0.943626999049679, 0.9397425925919003, 0.9400911807734138, 0.9410036093474846, 0.9370129323930106, 0.9392944218165141, 0.9358843927170596, 0.9242963984323022, 0.9281962734242035, 0.9216705088661371, 0.9063497946498787, 0.907899647715204, 0.8994409176880552, 0.8927141207517332, 0.8876541583001615, 0.8752884305680739, 0.8655505526815768, 0.8597949789898224, 0.849513229620146, 0.8380946266353078, 0.8283926210736327, 0.8194686497383896, 0.8187655494932535, 0.8015365915866018, 0.7875116258852344, 0.7765580753558874, 0.7684004804026919, 0.7591369070336792, 0.7469395996332979, 0.7353465468316142, 0.7288909804078154, 0.7183258847304735, 0.7096621180858419, 0.7017125695131362, 0.6877463273346474, 0.678075021577032, 0.6713574391290521, 0.6627304495723823, 0.652040461628873, 0.6410205571113693, 0.6306608893909063, 0.6225600122166985, 0.6098613863390694, 0.6018656634822154, 0.5892720631962675, 0.5848201392658274, 0.5814747773543324, 0.5713437936025322, 0.5670152671042896, 0.5594581093713692, 0.5513055453591618, 0.5458314876085316, 0.5341213376428197, 0.5272194562955396, 0.5249235974608696, 0.5180957812587251, 0.511952911759016, 0.5048867824176475, 0.5006063574825743, 0.4939167780368095, 0.484481075322681, 0.48577070961378604, 0.4753625176570068, 0.4679520987394897], "time": [0.0, 28.639090909090882, 58.63909090909088, 88.63909090909065, 118.63909090909065, 148.63909090909064, 178.63909090909064, 208.63909090909064, 238.64090909090882, 268.6409090909088, 298.6645454545451, 328.66454545454513, 358.66454545454513, 388.66454545454513, 418.66454545454513, 448.66454545454525, 478.66454545454525, 508.6645454545452, 538.6645454545452, 568.6645454545452, 598.6645454545452, 628.6645454545423, 658.6645454545423, 688.6645454545423, 718.6645454545423, 748.6645454545423, 778.6645454545423, 808.6645454545423, 838.6645454545423, 868.6645454545423, 898.6645454545423, 928.6645454545423, 958.6645454545423, 988.6645454545426, 1018.6645454545426, 1048.6645454545426, 1078.6645454545426, 1108.6645454545426, 1138.6645454545426, 1168.6645454545426, 1198.6645454545426, 1228.6645454545426, 1258.6645454545426, 1288.6645454545423, 1318.6645454545423, 1348.6645454545423, 1378.6645454545423, 1408.6645454545426, 1438.6645454545426, 1468.6645454545426, 1498.6645454545426, 1528.6645454545426, 1558.6645454545426, 1588.6645454545426, 1618.6645454545426, 1648.6645454545426, 1678.6645454545426, 1708.6645454545426, 1738.6645454545426, 1768.6645454545426, 1798.6645454545426, 1828.6645454545426, 1858.6645454545426, 1888.6645454545426, 1918.6645454545426, 1948.6645454545423, 1978.6645454545423, 2008.6645454545423, 2038.6645454545423, 2068.6645454545423, 2098.6645454545423, 2128.6645454545423, 2158.6645454545423, 2188.6645454545423, 2218.6645454545423, 2248.6645454545423, 2278.6645454545423, 2308.6645454545423, 2338.6645454545423, 2368.6645454545423, 2398.6645454545423, 2428.6645454545423, 2458.6645454545423, 2488.6645454545423, 2518.6645454545423], "response_std": [0.06732146502733405, 0.05845769044178482, 0.06881380872201162, 0.07529920519076995, 0.11989851772586721, 0.17902749401357904, 0.233188510309951, 0.27219843628968554, 0.2980236573015823, 0.29592929282569497, 0.2779345310576736, 0.25512431892809484, 0.22843983223501527, 0.20862809611038688, 0.18545731724886808, 0.18268407305125503, 0.1683764805631561, 0.17373893458388542, 0.16007296201944854, 0.15406095025492897, 0.14376090396103783, 0.13999991760526825, 0.14309738749723236, 0.14334666188474648, 0.13861108741808884, 0.1332272925804712, 0.1354815908916409, 0.12137001668035409, 0.12187488111188845, 0.11468272073098035, 0.1204514663311751, 0.11962825715259476, 0.11966487577244941, 0.1269197435907442, 0.12061295584107036, 0.13512118203147552, 0.1313161946467231, 0.13548073506045752, 0.13769077711207195, 0.13401548279376477, 0.1406463067529641, 0.14453763923940183, 0.14187812364943447, 0.13431545327790442, 0.1402470953633116, 0.1535620870162636, 0.15360313581272164, 0.1556955248382379, 0.1586519188902799, 0.15717252138229915, 0.1570121017287994, 0.16258562350564773, 0.16153522739488532, 0.16096148862977783, 0.16371420713807505, 0.16332414294171946, 0.1637010984372008, 0.16615154214859904, 0.1686496446055498, 0.16146695965181357, 0.16752400041175858, 0.16375960306463277, 0.1631165717649787, 0.16857536454332017, 0.170001061648317, 0.17003887939896165, 0.16424524517328734, 0.1660342422687805, 0.1590218466566103, 0.16054816080492315, 0.1602264816346789, 0.16363585573903727, 0.1700355098270274, 0.16213335029494372, 0.16675967494509514, 0.1632276364885841, 0.1638741115207206, 0.16369860340202697, 0.16457230735409256, 0.16212057520162024, 0.1591470524453946, 0.16809981588893164, 0.1643298705568882, 0.1649481523545709, 0.16791285670218062]}