{"stimulus": [16530.0], "response": [0.06308560429182711, 0.0577913710352348, 0.052547488453887334, 0.05118223386433253, 0.07372644416251783, 0.12126538610257753, 0.19538389467663905, 0.2843569766254435, 0.3766684212501553, 0.44196741658218014, 0.5197097097726174, 0.5794329205901991, 0.6361237859405976, 0.6776369657798992, 0.7141167344945788, 0.7602948652073219, 0.7761602478544145, 0.8001443385317861, 0.825285973260157, 0.8411420357317518, 0.8640495290551506, 0.8816772193078076, 0.8688044396567242, 0.8817314627870113, 0.9037940182148668, 0.8952799749957956, 0.909204819224244, 0.905970391629659, 0.9179109603387173, 0.9294426866873334, 0.9365818850656792, 0.9246669807710209, 0.9275944901195424, 0.9177884048003155, 0.9271362509423333, 0.9335966111989317, 0.9179455539245341, 0.9135707051753679, 0.9290171305636286, 0.9203722043040047, 0.9350058662697034, 0.9222595553890395, 0.9250268896775338, 0.9189423373514332, 0.913353660081066, 0.9135164641450042, 0.8992139136450933, 0.9063755886705303, 0.8966695248883644, 0.8924427875524554, 0.8891493311139055, 0.8930990369363352, 0.8825635808856725, 0.8902992793493524, 0.8713850634694614, 0.8690911833571536, 0.8666057130447478, 0.8750518302301621, 0.8619960239314977, 0.8579809667831196, 0.8583202708340701, 0.8578303980697122, 0.8356688654552749, 0.8471435026578282, 0.8338924391398344, 0.8398638217235359, 0.8387845313085548, 0.8310674009359447, 0.8255473015555468, 0.8219387824011958, 0.8187406050222811, 0.8181538855178541, 0.8157162853621744, 0.8063822188897635, 0.8094321045222664, 0.8005655179088838, 0.7983247113878272, 0.7883506360383518, 0.7928296153473806, 0.7836221071078325, 0.7813409326953186, 0.7842156813057403, 0.7723104879650137, 0.7702069537595219, 0.7727972333265609, 0.7616982246473585, 0.757521091902841], "time": [0.0, 28.7719998, 58.771999799999996, 88.7719998, 118.7719998, 148.7719998, 178.7719998, 208.7719998, 238.7719998, 268.7719998, 298.7719998, 328.7719998, 358.7719998, 388.7719998, 418.7719998, 448.7719998, 478.7719998, 508.77222240000003, 538.7719998, 568.7719998, 598.7719998, 628.7719979999999, 658.7719979999999, 688.7719979999999, 718.7719979999999, 748.7719979999999, 778.7719979999999, 808.7719979999999, 838.7719979999999, 868.7719979999999, 898.7719979999999, 928.7719979999999, 958.7719979999999, 988.7719979999999, 1018.7719979999999, 1048.771998, 1078.771998, 1108.771998, 1138.771998, 1168.771998, 1198.771998, 1228.771998, 1258.771998, 1288.771998, 1318.771998, 1348.771998, 1378.771998, 1408.771998, 1438.771998, 1468.771998, 1498.771998, 1528.771998, 1558.771998, 1588.771998, 1618.771998, 1648.771998, 1678.771998, 1708.771998, 1738.771998, 1768.771998, 1798.771998, 1828.771998, 1858.771998, 1888.771998, 1918.771998, 1948.771998, 1978.771998, 2008.771998, 2038.771998, 2068.771998, 2098.771998, 2128.771998, 2158.771998, 2188.771998, 2218.771998, 2248.771998, 2278.771998, 2308.771998, 2338.771998, 2368.771998, 2398.771998, 2428.771998, 2458.771998, 2488.771998, 2518.771998, 2548.771998, 2578.771998], "response_std": [0.049980886199275466, 0.05543363986127252, 0.05617576345564376, 0.05770449970493553, 0.0779077323078609, 0.1254837917399244, 0.187214760143249, 0.23752449799319594, 0.2850867220781804, 0.3229422848522766, 0.32589698994421, 0.31763875890708115, 0.30698333151591023, 0.29538032875066716, 0.2797250085302155, 0.2529695280354879, 0.24445504097773912, 0.2235776215303372, 0.21110810861584373, 0.19499685821340398, 0.18000664540114533, 0.17148524073134355, 0.16166099350365415, 0.15507582365083253, 0.14134447790430724, 0.14484860468405913, 0.13564246825118195, 0.12845510941208538, 0.12380239719629901, 0.11528103514171269, 0.10660631704442898, 0.11074804086682834, 0.10684936686982115, 0.11268564614186594, 0.1040607518693415, 0.100402501994309, 0.11070147259720896, 0.10529262812939003, 0.09969589260285179, 0.09763840438035784, 0.0909630656332303, 0.09271092231680425, 0.09672731764734134, 0.0909612548624339, 0.09200421709492652, 0.09223077145006792, 0.09471629496361621, 0.0968728972355954, 0.09260613249687624, 0.0940975856108722, 0.08980040940322814, 0.08856604900870083, 0.08911116452911579, 0.09246514361382113, 0.09549547810278185, 0.09498445487782672, 0.09551994207955511, 0.09419404812177408, 0.09165295870357756, 0.09615562433438246, 0.09661242199011665, 0.09468304886824679, 0.09594105284571389, 0.09792866483963912, 0.10284949335527081, 0.09963958269187369, 0.0998116995287514, 0.10365225546957973, 0.10134185976239446, 0.10515320336757475, 0.10655660422808673, 0.10808224396868227, 0.10866284613209191, 0.11098267660986125, 0.1078645705082202, 0.11236108854532202, 0.10721070086118156, 0.11127344213503991, 0.11616486186793278, 0.11604180198861665, 0.1182586949723342, 0.12026185727743514, 0.12183748510454917, 0.12462933708966982, 0.1301691533401575, 0.12879285700363188, 0.12725741093642953]}